id,dname
1,/home/behnam/Downloads/
4,/home/behnam/Downloads/BSlogger-master
7,/home/behnam/Downloads/BSlogger-master/src
11,/home/behnam/Downloads/decode-Zend-Guard-php-5.6-master
18,/home/behnam/Downloads/decode-Zend-Guard-php-5.6-master/ext
34,/home/behnam/Downloads/jsoncpp-master
36,/home/behnam/Downloads/jsoncpp-master/devtools
49,/home/behnam/Downloads/jsoncpp-master/doc
59,/home/behnam/Downloads/jsoncpp-master/dist
60,/home/behnam/Downloads/jsoncpp-master/dist/json
66,/home/behnam/Downloads/jsoncpp-master/cmake
74,/home/behnam/Downloads/jsoncpp-master/include
75,/home/behnam/Downloads/jsoncpp-master/include/json
90,/home/behnam/Downloads/jsoncpp-master/.github
91,/home/behnam/Downloads/jsoncpp-master/.github/ISSUE_TEMPLATE
94,/home/behnam/Downloads/jsoncpp-master/src
95,/home/behnam/Downloads/jsoncpp-master/src/test_lib_json
104,/home/behnam/Downloads/jsoncpp-master/src/jsontestrunner
107,/home/behnam/Downloads/jsoncpp-master/src/lib_json
115,/home/behnam/Downloads/jsoncpp-master/pkg-config
117,/home/behnam/Downloads/jsoncpp-master/test
118,/home/behnam/Downloads/jsoncpp-master/test/data
242,/home/behnam/Downloads/jsoncpp-master/test/jsonchecker
287,/home/behnam/Downloads/jsoncpp-master/example
289,/home/behnam/Downloads/jsoncpp-master/example/readFromString
291,/home/behnam/Downloads/jsoncpp-master/example/readFromStream
295,/home/behnam/Downloads/jsoncpp-master/example/streamWrite
298,/home/behnam/Downloads/jsoncpp-master/example/stringWrite
303,/home/behnam/Downloads/jsoncpp-master/.travis_scripts
313,/home/behnam/Downloads/FLog
316,/home/behnam/Downloads/FLog/CMakeFiles
317,/home/behnam/Downloads/FLog/CMakeFiles/3.16.3
323,/home/behnam/Downloads/FLog/CMakeFiles/3.16.3/CompilerIdCXX
326,/home/behnam/Downloads/FLog/CMakeFiles/3.16.3/CompilerIdCXX/tmp
327,/home/behnam/Downloads/FLog/CMakeFiles/3.16.3/CompilerIdC
330,/home/behnam/Downloads/FLog/CMakeFiles/3.16.3/CompilerIdC/tmp
335,/home/behnam/Downloads/FLog/CMakeFiles/FLogProject.dir
343,/home/behnam/Downloads/FLog/CMakeFiles/CMakeTmp
358,/home/behnam/Downloads/FLogProject-master
365,/home/behnam/Downloads/FLogProject-master/img
