id,fname
2,/home/behnam/Downloads/hard drive - The place to store user data in Linux - Super User.html
3,/home/behnam/Downloads/COVID-19-geographic-disbtribution-worldwide.xlsx
5,/home/behnam/Downloads/BSlogger-master/CMakeLists.txt
6,/home/behnam/Downloads/BSlogger-master/.gitignore
8,/home/behnam/Downloads/BSlogger-master/src/bslogger_examples.cpp
9,/home/behnam/Downloads/BSlogger-master/src/BSlogger.hpp
10,/home/behnam/Downloads/BSlogger-master/README.md
12,/home/behnam/Downloads/decode-Zend-Guard-php-5.6-master/php5.dll
13,/home/behnam/Downloads/decode-Zend-Guard-php-5.6-master/phpdop.phpr
14,/home/behnam/Downloads/decode-Zend-Guard-php-5.6-master/Readme.txt
15,/home/behnam/Downloads/decode-Zend-Guard-php-5.6-master/php.ini
16,/home/behnam/Downloads/decode-Zend-Guard-php-5.6-master/libeay32.dll
17,/home/behnam/Downloads/decode-Zend-Guard-php-5.6-master/php.exe
19,/home/behnam/Downloads/decode-Zend-Guard-php-5.6-master/ext/php_opcache.dll
20,/home/behnam/Downloads/decode-Zend-Guard-php-5.6-master/ext/php_xcache.dll
21,/home/behnam/Downloads/decode-Zend-Guard-php-5.6-master/ext/ZendLoader.dll
22,/home/behnam/Downloads/decode-Zend-Guard-php-5.6-master/Decompiler.class.php
23,/home/behnam/Downloads/decode-Zend-Guard-php-5.6-master/CMD_LINE.bat
24,/home/behnam/Downloads/decode-Zend-Guard-php-5.6-master/phpdc.phpr
25,/home/behnam/Downloads/decode-Zend-Guard-php-5.6-master/FD.php
26,/home/behnam/Downloads/Import data - Getting Started.html
27,/home/behnam/Downloads/This Thread_ Using recursive_directory_iterator.html
28,/home/behnam/Downloads/decode-Zend-Guard-php-5.6-master.zip
29,/home/behnam/Downloads/jdk-17_linux-x64_bin.deb
30,/home/behnam/Downloads/jsoncpp-master.zip
31,/home/behnam/Downloads/BSlogger-master.zip
32,/home/behnam/Downloads/Configuring Code__Blocks to use the Boost Libraries _ technical-recipes.com.html
33,/home/behnam/Downloads/eclipse-inst-jre-linux64.tar.gz
35,/home/behnam/Downloads/jsoncpp-master/amalgamate.py
37,/home/behnam/Downloads/jsoncpp-master/devtools/batchbuild.py
38,/home/behnam/Downloads/jsoncpp-master/devtools/agent_vmw7.json
39,/home/behnam/Downloads/jsoncpp-master/devtools/tarball.py
40,/home/behnam/Downloads/jsoncpp-master/devtools/antglob.py
41,/home/behnam/Downloads/jsoncpp-master/devtools/fixeol.py
42,/home/behnam/Downloads/jsoncpp-master/devtools/agent_vmxp.json
43,/home/behnam/Downloads/jsoncpp-master/devtools/licenseupdater.py
44,/home/behnam/Downloads/jsoncpp-master/devtools/__init__.py
45,/home/behnam/Downloads/jsoncpp-master/CMakeLists.txt
46,/home/behnam/Downloads/jsoncpp-master/CTestConfig.cmake
47,/home/behnam/Downloads/jsoncpp-master/jsoncpp-namespaced-targets.cmake
48,/home/behnam/Downloads/jsoncpp-master/CONTRIBUTING.md
50,/home/behnam/Downloads/jsoncpp-master/doc/doxyfile.in
51,/home/behnam/Downloads/jsoncpp-master/doc/footer.html
52,/home/behnam/Downloads/jsoncpp-master/doc/header.html
53,/home/behnam/Downloads/jsoncpp-master/doc/readme.txt
54,/home/behnam/Downloads/jsoncpp-master/doc/jsoncpp.dox
55,/home/behnam/Downloads/jsoncpp-master/doc/web_doxyfile.in
56,/home/behnam/Downloads/jsoncpp-master/doc/roadmap.dox
57,/home/behnam/Downloads/jsoncpp-master/BUILD.bazel
58,/home/behnam/Downloads/jsoncpp-master/version.in
61,/home/behnam/Downloads/jsoncpp-master/dist/json/json-forwards.h
62,/home/behnam/Downloads/jsoncpp-master/dist/json/json.h
63,/home/behnam/Downloads/jsoncpp-master/dist/jsoncpp.cpp
64,/home/behnam/Downloads/jsoncpp-master/.clang-tidy
65,/home/behnam/Downloads/jsoncpp-master/LICENSE
67,/home/behnam/Downloads/jsoncpp-master/cmake/JoinPaths.cmake
68,/home/behnam/Downloads/jsoncpp-master/meson_options.txt
69,/home/behnam/Downloads/jsoncpp-master/.travis.yml
70,/home/behnam/Downloads/jsoncpp-master/meson.build
71,/home/behnam/Downloads/jsoncpp-master/.gitignore
72,/home/behnam/Downloads/jsoncpp-master/get_version.pl
73,/home/behnam/Downloads/jsoncpp-master/doxybuild.py
76,/home/behnam/Downloads/jsoncpp-master/include/json/config.h
77,/home/behnam/Downloads/jsoncpp-master/include/json/forwards.h
78,/home/behnam/Downloads/jsoncpp-master/include/json/value.h
79,/home/behnam/Downloads/jsoncpp-master/include/json/json_features.h
80,/home/behnam/Downloads/jsoncpp-master/include/json/assertions.h
81,/home/behnam/Downloads/jsoncpp-master/include/json/json.h
82,/home/behnam/Downloads/jsoncpp-master/include/json/writer.h
83,/home/behnam/Downloads/jsoncpp-master/include/json/version.h
84,/home/behnam/Downloads/jsoncpp-master/include/json/reader.h
85,/home/behnam/Downloads/jsoncpp-master/include/json/allocator.h
86,/home/behnam/Downloads/jsoncpp-master/include/CMakeLists.txt
87,/home/behnam/Downloads/jsoncpp-master/include/PreventInSourceBuilds.cmake
88,/home/behnam/Downloads/jsoncpp-master/include/PreventInBuildInstalls.cmake
89,/home/behnam/Downloads/jsoncpp-master/.gitattributes
92,/home/behnam/Downloads/jsoncpp-master/.github/ISSUE_TEMPLATE/bug_report.md
93,/home/behnam/Downloads/jsoncpp-master/.github/ISSUE_TEMPLATE/feature_request.md
96,/home/behnam/Downloads/jsoncpp-master/src/test_lib_json/fuzz.cpp
97,/home/behnam/Downloads/jsoncpp-master/src/test_lib_json/CMakeLists.txt
98,/home/behnam/Downloads/jsoncpp-master/src/test_lib_json/main.cpp
99,/home/behnam/Downloads/jsoncpp-master/src/test_lib_json/fuzz.dict
100,/home/behnam/Downloads/jsoncpp-master/src/test_lib_json/jsontest.h
101,/home/behnam/Downloads/jsoncpp-master/src/test_lib_json/fuzz.h
102,/home/behnam/Downloads/jsoncpp-master/src/test_lib_json/jsontest.cpp
103,/home/behnam/Downloads/jsoncpp-master/src/CMakeLists.txt
105,/home/behnam/Downloads/jsoncpp-master/src/jsontestrunner/CMakeLists.txt
106,/home/behnam/Downloads/jsoncpp-master/src/jsontestrunner/main.cpp
108,/home/behnam/Downloads/jsoncpp-master/src/lib_json/CMakeLists.txt
109,/home/behnam/Downloads/jsoncpp-master/src/lib_json/json_tool.h
110,/home/behnam/Downloads/jsoncpp-master/src/lib_json/json_valueiterator.inl
111,/home/behnam/Downloads/jsoncpp-master/src/lib_json/json_value.cpp
112,/home/behnam/Downloads/jsoncpp-master/src/lib_json/json_writer.cpp
113,/home/behnam/Downloads/jsoncpp-master/src/lib_json/json_reader.cpp
114,/home/behnam/Downloads/jsoncpp-master/dev.makefile
116,/home/behnam/Downloads/jsoncpp-master/pkg-config/jsoncpp.pc.in
119,/home/behnam/Downloads/jsoncpp-master/test/data/legacy_test_complex_01.json
120,/home/behnam/Downloads/jsoncpp-master/test/data/legacy_test_real_13.expected
121,/home/behnam/Downloads/jsoncpp-master/test/data/legacy_test_real_05.json
122,/home/behnam/Downloads/jsoncpp-master/test/data/legacy_test_basic_08.expected
123,/home/behnam/Downloads/jsoncpp-master/test/data/legacy_test_integer_01.expected
124,/home/behnam/Downloads/jsoncpp-master/test/data/legacy_test_array_07.expected
125,/home/behnam/Downloads/jsoncpp-master/test/data/legacy_test_object_02.expected
126,/home/behnam/Downloads/jsoncpp-master/test/data/legacy_test_array_06.json
127,/home/behnam/Downloads/jsoncpp-master/test/data/legacy_test_basic_03.json
128,/home/behnam/Downloads/jsoncpp-master/test/data/legacy_test_basic_02.expected
129,/home/behnam/Downloads/jsoncpp-master/test/data/legacy_test_real_12.expected
130,/home/behnam/Downloads/jsoncpp-master/test/data/legacy_test_real_10.expected
131,/home/behnam/Downloads/jsoncpp-master/test/data/legacy_test_basic_06.json
132,/home/behnam/Downloads/jsoncpp-master/test/data/legacy_test_real_11.expected
133,/home/behnam/Downloads/jsoncpp-master/test/data/legacy_test_basic_01.expected
134,/home/behnam/Downloads/jsoncpp-master/test/data/legacy_test_real_09.json
135,/home/behnam/Downloads/jsoncpp-master/test/data/legacy_test_basic_01.json
136,/home/behnam/Downloads/jsoncpp-master/test/data/legacy_test_basic_04.json
137,/home/behnam/Downloads/jsoncpp-master/test/data/legacy_test_real_03.json
138,/home/behnam/Downloads/jsoncpp-master/test/data/legacy_test_basic_07.json
139,/home/behnam/Downloads/jsoncpp-master/test/data/legacy_test_string_05.json
140,/home/behnam/Downloads/jsoncpp-master/test/data/legacy_test_string_unicode_01.json
141,/home/behnam/Downloads/jsoncpp-master/test/data/legacy_test_string_05.expected
142,/home/behnam/Downloads/jsoncpp-master/test/data/legacy_test_integer_07_64bits.json
143,/home/behnam/Downloads/jsoncpp-master/test/data/legacy_test_real_13.json
144,/home/behnam/Downloads/jsoncpp-master/test/data/legacy_test_integer_04.expected
145,/home/behnam/Downloads/jsoncpp-master/test/data/test_array_08.json
146,/home/behnam/Downloads/jsoncpp-master/test/data/legacy_test_real_08.expected
147,/home/behnam/Downloads/jsoncpp-master/test/data/legacy_test_object_01.expected
148,/home/behnam/Downloads/jsoncpp-master/test/data/legacy_test_array_06.expected
149,/home/behnam/Downloads/jsoncpp-master/test/data/test_object_05.expected
150,/home/behnam/Downloads/jsoncpp-master/test/data/legacy_test_integer_02.json
151,/home/behnam/Downloads/jsoncpp-master/test/data/fail_test_object_01.json
152,/home/behnam/Downloads/jsoncpp-master/test/data/legacy_test_real_12.json
153,/home/behnam/Downloads/jsoncpp-master/test/data/legacy_test_real_11.json
154,/home/behnam/Downloads/jsoncpp-master/test/data/legacy_test_real_09.expected
155,/home/behnam/Downloads/jsoncpp-master/test/data/test_object_05.json
156,/home/behnam/Downloads/jsoncpp-master/test/data/legacy_test_string_unicode_04.json
157,/home/behnam/Downloads/jsoncpp-master/test/data/legacy_test_array_02.expected
158,/home/behnam/Downloads/jsoncpp-master/test/data/legacy_test_large_01.json
159,/home/behnam/Downloads/jsoncpp-master/test/data/legacy_test_string_02.json
160,/home/behnam/Downloads/jsoncpp-master/test/data/legacy_test_integer_08_64bits.json
161,/home/behnam/Downloads/jsoncpp-master/test/data/legacy_test_real_06.expected
162,/home/behnam/Downloads/jsoncpp-master/test/data/legacy_test_object_03.expected
163,/home/behnam/Downloads/jsoncpp-master/test/data/legacy_test_integer_06_64bits.json
164,/home/behnam/Downloads/jsoncpp-master/test/data/legacy_test_integer_03.json
165,/home/behnam/Downloads/jsoncpp-master/test/data/legacy_test_string_03.json
166,/home/behnam/Downloads/jsoncpp-master/test/data/legacy_test_basic_05.expected
167,/home/behnam/Downloads/jsoncpp-master/test/data/legacy_test_integer_02.expected
168,/home/behnam/Downloads/jsoncpp-master/test/data/legacy_test_basic_08.json
169,/home/behnam/Downloads/jsoncpp-master/test/data/legacy_test_array_03.json
170,/home/behnam/Downloads/jsoncpp-master/test/data/legacy_test_string_unicode_05.json
171,/home/behnam/Downloads/jsoncpp-master/test/data/legacy_test_string_04.json
172,/home/behnam/Downloads/jsoncpp-master/test/data/legacy_test_real_03.expected
173,/home/behnam/Downloads/jsoncpp-master/test/data/legacy_test_real_05.expected
174,/home/behnam/Downloads/jsoncpp-master/test/data/fail_test_array_01.json
175,/home/behnam/Downloads/jsoncpp-master/test/data/legacy_test_integer_03.expected
176,/home/behnam/Downloads/jsoncpp-master/test/data/legacy_test_real_04.expected
177,/home/behnam/Downloads/jsoncpp-master/test/data/legacy_test_array_05.expected
178,/home/behnam/Downloads/jsoncpp-master/test/data/legacy_test_basic_09.expected
179,/home/behnam/Downloads/jsoncpp-master/test/data/legacy_test_integer_06_64bits.expected
180,/home/behnam/Downloads/jsoncpp-master/test/data/legacy_test_array_01.expected
181,/home/behnam/Downloads/jsoncpp-master/test/data/legacy_test_array_07.json
182,/home/behnam/Downloads/jsoncpp-master/test/data/legacy_test_comment_02.json
183,/home/behnam/Downloads/jsoncpp-master/test/data/legacy_test_real_01.expected
184,/home/behnam/Downloads/jsoncpp-master/test/data/legacy_test_real_02.json
185,/home/behnam/Downloads/jsoncpp-master/test/data/legacy_test_array_04.json
186,/home/behnam/Downloads/jsoncpp-master/test/data/legacy_test_integer_04.json
187,/home/behnam/Downloads/jsoncpp-master/test/data/legacy_test_string_unicode_04.expected
188,/home/behnam/Downloads/jsoncpp-master/test/data/legacy_test_integer_05.expected
189,/home/behnam/Downloads/jsoncpp-master/test/data/legacy_test_basic_02.json
190,/home/behnam/Downloads/jsoncpp-master/test/data/legacy_test_comment_00.json
191,/home/behnam/Downloads/jsoncpp-master/test/data/legacy_test_string_04.expected
192,/home/behnam/Downloads/jsoncpp-master/test/data/legacy_test_basic_04.expected
193,/home/behnam/Downloads/jsoncpp-master/test/data/legacy_test_real_01.json
194,/home/behnam/Downloads/jsoncpp-master/test/data/fail_test_stack_limit.json
195,/home/behnam/Downloads/jsoncpp-master/test/data/legacy_test_integer_01.json
196,/home/behnam/Downloads/jsoncpp-master/test/data/legacy_test_large_01.expected
197,/home/behnam/Downloads/jsoncpp-master/test/data/legacy_test_object_04.json
198,/home/behnam/Downloads/jsoncpp-master/test/data/legacy_test_array_04.expected
199,/home/behnam/Downloads/jsoncpp-master/test/data/legacy_test_preserve_comment_01.json
200,/home/behnam/Downloads/jsoncpp-master/test/data/legacy_test_complex_01.expected
201,/home/behnam/Downloads/jsoncpp-master/test/data/legacy_test_integer_08_64bits.expected
202,/home/behnam/Downloads/jsoncpp-master/test/data/legacy_test_string_03.expected
203,/home/behnam/Downloads/jsoncpp-master/test/data/legacy_test_object_03.json
204,/home/behnam/Downloads/jsoncpp-master/test/data/legacy_test_basic_06.expected
205,/home/behnam/Downloads/jsoncpp-master/test/data/legacy_test_object_01.json
206,/home/behnam/Downloads/jsoncpp-master/test/data/legacy_test_real_08.json
207,/home/behnam/Downloads/jsoncpp-master/test/data/fail_invalid_quote.json
208,/home/behnam/Downloads/jsoncpp-master/test/data/legacy_test_object_02.json
209,/home/behnam/Downloads/jsoncpp-master/test/data/legacy_test_preserve_comment_01.expected
210,/home/behnam/Downloads/jsoncpp-master/test/data/legacy_test_string_01.expected
211,/home/behnam/Downloads/jsoncpp-master/test/data/legacy_test_real_04.json
212,/home/behnam/Downloads/jsoncpp-master/test/data/legacy_test_comment_02.expected
213,/home/behnam/Downloads/jsoncpp-master/test/data/legacy_test_array_03.expected
214,/home/behnam/Downloads/jsoncpp-master/test/data/legacy_test_basic_03.expected
215,/home/behnam/Downloads/jsoncpp-master/test/data/legacy_test_comment_01.expected
216,/home/behnam/Downloads/jsoncpp-master/test/data/test_array_08.expected
217,/home/behnam/Downloads/jsoncpp-master/test/data/legacy_test_string_unicode_02.expected
218,/home/behnam/Downloads/jsoncpp-master/test/data/legacy_test_basic_05.json
219,/home/behnam/Downloads/jsoncpp-master/test/data/legacy_test_integer_07_64bits.expected
220,/home/behnam/Downloads/jsoncpp-master/test/data/legacy_test_string_unicode_03.json
221,/home/behnam/Downloads/jsoncpp-master/test/data/legacy_test_object_04.expected
222,/home/behnam/Downloads/jsoncpp-master/test/data/legacy_test_string_unicode_03.expected
223,/home/behnam/Downloads/jsoncpp-master/test/data/legacy_test_string_unicode_05.expected
224,/home/behnam/Downloads/jsoncpp-master/test/data/legacy_test_string_unicode_01.expected
225,/home/behnam/Downloads/jsoncpp-master/test/data/legacy_test_real_02.expected
226,/home/behnam/Downloads/jsoncpp-master/test/data/legacy_test_string_01.json
227,/home/behnam/Downloads/jsoncpp-master/test/data/legacy_test_real_07.json
228,/home/behnam/Downloads/jsoncpp-master/test/data/fail_test_array_02.json
229,/home/behnam/Downloads/jsoncpp-master/test/data/legacy_test_array_02.json
230,/home/behnam/Downloads/jsoncpp-master/test/data/legacy_test_basic_07.expected
231,/home/behnam/Downloads/jsoncpp-master/test/data/legacy_test_integer_05.json
232,/home/behnam/Downloads/jsoncpp-master/test/data/legacy_test_array_05.json
233,/home/behnam/Downloads/jsoncpp-master/test/data/legacy_test_comment_01.json
234,/home/behnam/Downloads/jsoncpp-master/test/data/legacy_test_string_02.expected
235,/home/behnam/Downloads/jsoncpp-master/test/data/legacy_test_basic_09.json
236,/home/behnam/Downloads/jsoncpp-master/test/data/legacy_test_real_10.json
237,/home/behnam/Downloads/jsoncpp-master/test/data/legacy_test_string_unicode_02.json
238,/home/behnam/Downloads/jsoncpp-master/test/data/legacy_test_array_01.json
239,/home/behnam/Downloads/jsoncpp-master/test/data/legacy_test_real_06.json
240,/home/behnam/Downloads/jsoncpp-master/test/data/legacy_test_real_07.expected
241,/home/behnam/Downloads/jsoncpp-master/test/data/legacy_test_comment_00.expected
243,/home/behnam/Downloads/jsoncpp-master/test/jsonchecker/fail29.json
244,/home/behnam/Downloads/jsoncpp-master/test/jsonchecker/fail17.json
245,/home/behnam/Downloads/jsoncpp-master/test/jsonchecker/fail27.json
246,/home/behnam/Downloads/jsoncpp-master/test/jsonchecker/fail22.json
247,/home/behnam/Downloads/jsoncpp-master/test/jsonchecker/fail24.json
248,/home/behnam/Downloads/jsoncpp-master/test/jsonchecker/fail28.json
249,/home/behnam/Downloads/jsoncpp-master/test/jsonchecker/fail13.json
250,/home/behnam/Downloads/jsoncpp-master/test/jsonchecker/fail3.json
251,/home/behnam/Downloads/jsoncpp-master/test/jsonchecker/fail7.json
252,/home/behnam/Downloads/jsoncpp-master/test/jsonchecker/pass1.json
253,/home/behnam/Downloads/jsoncpp-master/test/jsonchecker/readme.txt
254,/home/behnam/Downloads/jsoncpp-master/test/jsonchecker/fail32.json
255,/home/behnam/Downloads/jsoncpp-master/test/jsonchecker/fail33.json
256,/home/behnam/Downloads/jsoncpp-master/test/jsonchecker/fail20.json
257,/home/behnam/Downloads/jsoncpp-master/test/jsonchecker/fail26.json
258,/home/behnam/Downloads/jsoncpp-master/test/jsonchecker/fail25.json
259,/home/behnam/Downloads/jsoncpp-master/test/jsonchecker/fail18.json
260,/home/behnam/Downloads/jsoncpp-master/test/jsonchecker/fail4.json
261,/home/behnam/Downloads/jsoncpp-master/test/jsonchecker/fail12.json
262,/home/behnam/Downloads/jsoncpp-master/test/jsonchecker/fail2.json
263,/home/behnam/Downloads/jsoncpp-master/test/jsonchecker/fail19.json
264,/home/behnam/Downloads/jsoncpp-master/test/jsonchecker/fail15.json
265,/home/behnam/Downloads/jsoncpp-master/test/jsonchecker/fail10.json
266,/home/behnam/Downloads/jsoncpp-master/test/jsonchecker/pass3.json
267,/home/behnam/Downloads/jsoncpp-master/test/jsonchecker/fail11.json
268,/home/behnam/Downloads/jsoncpp-master/test/jsonchecker/fail9.json
269,/home/behnam/Downloads/jsoncpp-master/test/jsonchecker/fail14.json
270,/home/behnam/Downloads/jsoncpp-master/test/jsonchecker/fail8.json
271,/home/behnam/Downloads/jsoncpp-master/test/jsonchecker/fail1.json
272,/home/behnam/Downloads/jsoncpp-master/test/jsonchecker/fail30.json
273,/home/behnam/Downloads/jsoncpp-master/test/jsonchecker/fail23.json
274,/home/behnam/Downloads/jsoncpp-master/test/jsonchecker/fail21.json
275,/home/behnam/Downloads/jsoncpp-master/test/jsonchecker/fail31.json
276,/home/behnam/Downloads/jsoncpp-master/test/jsonchecker/fail16.json
277,/home/behnam/Downloads/jsoncpp-master/test/jsonchecker/fail6.json
278,/home/behnam/Downloads/jsoncpp-master/test/jsonchecker/fail5.json
279,/home/behnam/Downloads/jsoncpp-master/test/jsonchecker/pass2.json
280,/home/behnam/Downloads/jsoncpp-master/test/runjsontests.py
281,/home/behnam/Downloads/jsoncpp-master/test/generate_expected.py
282,/home/behnam/Downloads/jsoncpp-master/test/cleantests.py
283,/home/behnam/Downloads/jsoncpp-master/test/rununittests.py
284,/home/behnam/Downloads/jsoncpp-master/test/pyjsontestrunner.py
285,/home/behnam/Downloads/jsoncpp-master/.clang-format
286,/home/behnam/Downloads/jsoncpp-master/appveyor.yml
288,/home/behnam/Downloads/jsoncpp-master/example/CMakeLists.txt
290,/home/behnam/Downloads/jsoncpp-master/example/readFromString/readFromString.cpp
292,/home/behnam/Downloads/jsoncpp-master/example/readFromStream/withComment.json
293,/home/behnam/Downloads/jsoncpp-master/example/readFromStream/errorFormat.json
294,/home/behnam/Downloads/jsoncpp-master/example/readFromStream/readFromStream.cpp
296,/home/behnam/Downloads/jsoncpp-master/example/streamWrite/streamWrite.cpp
297,/home/behnam/Downloads/jsoncpp-master/example/README.md
299,/home/behnam/Downloads/jsoncpp-master/example/stringWrite/stringWrite.cpp
300,/home/behnam/Downloads/jsoncpp-master/AUTHORS
301,/home/behnam/Downloads/jsoncpp-master/jsoncppConfig.cmake.in
302,/home/behnam/Downloads/jsoncpp-master/reformat.sh
304,/home/behnam/Downloads/jsoncpp-master/.travis_scripts/meson_builder.sh
305,/home/behnam/Downloads/jsoncpp-master/.travis_scripts/run-clang-format.sh
306,/home/behnam/Downloads/jsoncpp-master/.travis_scripts/travis.install.linux.sh
307,/home/behnam/Downloads/jsoncpp-master/.travis_scripts/cmake_builder.sh
308,/home/behnam/Downloads/jsoncpp-master/.travis_scripts/run-clang-format.py
309,/home/behnam/Downloads/jsoncpp-master/.travis_scripts/travis.install.osx.sh
310,/home/behnam/Downloads/jsoncpp-master/.travis_scripts/travis.before_install.linux.sh
311,/home/behnam/Downloads/jsoncpp-master/.travis_scripts/travis.before_install.osx.sh
312,/home/behnam/Downloads/jsoncpp-master/README.md
314,/home/behnam/Downloads/FLog/CMakeCache.txt
315,/home/behnam/Downloads/FLog/Makefile
318,/home/behnam/Downloads/FLog/CMakeFiles/3.16.3/CMakeDetermineCompilerABI_C.bin
319,/home/behnam/Downloads/FLog/CMakeFiles/3.16.3/CMakeCCompiler.cmake
320,/home/behnam/Downloads/FLog/CMakeFiles/3.16.3/CMakeDetermineCompilerABI_CXX.bin
321,/home/behnam/Downloads/FLog/CMakeFiles/3.16.3/CMakeSystem.cmake
322,/home/behnam/Downloads/FLog/CMakeFiles/3.16.3/CMakeCXXCompiler.cmake
324,/home/behnam/Downloads/FLog/CMakeFiles/3.16.3/CompilerIdCXX/a.out
325,/home/behnam/Downloads/FLog/CMakeFiles/3.16.3/CompilerIdCXX/CMakeCXXCompilerId.cpp
328,/home/behnam/Downloads/FLog/CMakeFiles/3.16.3/CompilerIdC/CMakeCCompilerId.c
329,/home/behnam/Downloads/FLog/CMakeFiles/3.16.3/CompilerIdC/a.out
331,/home/behnam/Downloads/FLog/CMakeFiles/TargetDirectories.txt
332,/home/behnam/Downloads/FLog/CMakeFiles/Makefile2
333,/home/behnam/Downloads/FLog/CMakeFiles/CMakeOutput.log
334,/home/behnam/Downloads/FLog/CMakeFiles/progress.marks
336,/home/behnam/Downloads/FLog/CMakeFiles/FLogProject.dir/cmake_clean.cmake
337,/home/behnam/Downloads/FLog/CMakeFiles/FLogProject.dir/build.make
338,/home/behnam/Downloads/FLog/CMakeFiles/FLogProject.dir/flags.make
339,/home/behnam/Downloads/FLog/CMakeFiles/FLogProject.dir/progress.make
340,/home/behnam/Downloads/FLog/CMakeFiles/FLogProject.dir/depend.make
341,/home/behnam/Downloads/FLog/CMakeFiles/FLogProject.dir/DependInfo.cmake
342,/home/behnam/Downloads/FLog/CMakeFiles/FLogProject.dir/link.txt
344,/home/behnam/Downloads/FLog/CMakeFiles/CMakeError.log
345,/home/behnam/Downloads/FLog/CMakeFiles/Makefile.cmake
346,/home/behnam/Downloads/FLog/CMakeFiles/CMakeDirectoryInformation.cmake
347,/home/behnam/Downloads/FLog/CMakeFiles/cmake.check_cache
348,/home/behnam/Downloads/FLog/cmake_install.cmake
349,/home/behnam/Downloads/neo4j-desktop-1.4.12-x86_64.AppImage
350,/home/behnam/Downloads/write string to .txt file c++ Code Example.html
351,/home/behnam/Downloads/breast-cancer.data
352,/home/behnam/Downloads/[Solved] C++ boost__filesystem__recursive_directory_iterator with filter - Code Redirect.html
353,/home/behnam/Downloads/FLogProject-master.zip
354,/home/behnam/Downloads/Reading and writing JSON in C++ _ JavaScript JSON Cookbook.html
355,/home/behnam/Downloads/jre-8u311-linux-x64.tar.gz
356,/home/behnam/Downloads/gene_attribute_matrix.txt.gz
357,/home/behnam/Downloads/Australian-HIV-Public-Access-Dataset-2019.xlsx
359,/home/behnam/Downloads/FLogProject-master/FLog.cpp
360,/home/behnam/Downloads/FLogProject-master/CMakeLists.txt
361,/home/behnam/Downloads/FLogProject-master/main.cpp
362,/home/behnam/Downloads/FLogProject-master/LICENSE
363,/home/behnam/Downloads/FLogProject-master/.gitignore
364,/home/behnam/Downloads/FLogProject-master/FLog.h
366,/home/behnam/Downloads/FLogProject-master/img/Usage.png
367,/home/behnam/Downloads/FLogProject-master/README.md
